Workbook

Sheet اقرأني
A1: تقرير تحليل الحملات الإعلانية — متجر Shopify (zyfrtn-pz)
A2: من إنشاء الحسابات الإعلانية حتى 2026-10-07 · Meta · TikTok · Snapchat (حسابان) · Google Ads
A4: ⚠️ ملاحظة مهمة عن البيانات
B5: لم يتم إدخال أي أرقام في هذا الملف حتى الآن. روابط Shopify ومنصات الإعلانات تتطلب تسجيل دخول بحسابك، ولا يوجد ربط (Connector) بها في هذه الجلسة، لذلك لم أستطع سحب الأرقام. لم أخترع أي رقم — كل التحليلات والمؤشرات والأحكام في الملف تُحسب تلقائياً فور لصق البيانات المصدّرة.
A6: كيف تستخدم الملف
A7: 1 | B7: صدّر من كل منصة تقرير الحملات بتقسيم شهري (Breakdown: Month) للفترة من أول يوم للحساب حتى اليوم — التفاصيل في الجدول أدناه.
A8: 2 | B8: الصق كل صف (حملة × شهر) في ورقة «بيانات_الحملات» في الخلايا الصفراء فقط (الأعمدة A إلى O).
A9: 3 | B9: أدخل أرقام Shopify الشهرية في ورقة «شوبيفاي» (Analytics › Reports › Sales over time بتقسيم شهري).
A10: 4 | B10: عدّل الافتراضات في «الإعدادات» (العملة، هامش الربح، ROAS المستهدف، معايير المنصات).
A11: 5 | B11: تتحدث تلقائياً: «ملخص_المنصات»، «الأداء_الشهري»، وعمود التوصية الآلية لكل حملة. ثم راجع «التوصيات» و«خطة_30_يوم».
A12: دليل الألوان
A13: خلفية صفراء + نص أزرق | B13: خلية إدخال — تكتب فيها أنت
A14: نص أسود | B14: معادلة — لا تعدّلها
A15: أخضر / أحمر / أصفر | B15: حكم الأداء: ممتاز / يحتاج تدخل / مقبول
A17: مصادر البيانات وطريقة التصدير
A18: المصدر | B18: المعرّف | C18: ماذا تصدّر | D18: المسار في المنصة | E18: الحالة
A19: Shopify | B19: zyfrtn-pz | C19: الطلبات، المبيعات الإجمالية، الخصومات، المرتجعات، صافي المبيعات، الجلسات، العملاء الجدد/العائدون — شهرياً | D19: Analytics › Reports › Sales over time / Sessions over time / Customers over time | E19: بانتظار البيانات
A20: Meta Ads | B20: act=1630621441390854 | C20: Campaign name, Objective, Delivery, Amount spent, Impressions, Reach, Link clicks, Adds to cart, Checkouts initiated, Purchases, Purchases conversion value | D20: Ads Manager › Campaigns › Breakdown › By time › Month › Export (.csv) | E20: بانتظار البيانات
A21: TikTok Ads | B21: aadvid=7606288369854267408 | C21: Cost, Impressions, Reach, Clicks (destination), Add to cart, Initiate checkout, Complete payment, Complete payment value | D21: Campaign › Custom columns › Breakdown: Month › Export | E21: بانتظار البيانات
A22: Snapchat Ads (حساب 1) | B22: d30fd7db-…-7142f5336fb6 | C22: Spend, Paid Impressions, Reach, Swipe Ups, Add Cart, Start Checkout, Purchases, Purchase Value | D22: Ads Manager › Manage › Breakdown: Month › Export CSV | E22: بانتظار البيانات
A23: Snapchat Ads (حساب 2) | B23: ec193e03-…-7c37db092 | C23: نفس أعمدة الحساب 1 | D23: Ads Manager › Manage › Breakdown: Month › Export CSV | E23: بانتظار البيانات
A24: Google Ads | B24: ocid=8019176555 | C24: Campaign, Campaign type, Cost, Impr., Clicks, Conversions (Purchase), Conv. value | D24: Campaigns › Segment › Time › Month › Download (.csv) | E24: بانتظار البيانات
A26: مثال لصف واحد في «بيانات_الحملات» (للتوضيح فقط — غير محسوب في التقرير)
A27: المنصة | B27: الحساب | C27: اسم الحملة | D27: الهدف | E27: الحالة | F27: تاريخ البداية | G27: الشهر | H27: الإنفاق | I27: الظهور | J27: الوصول | K27: النقرات | L27: إضافة للسلة | M27: بدء الدفع | N27: المشتريات | O27: قيمة المشتريات
A28: Meta | B28: Meta-الرئيسي | C28: Sales | Broad | Video | D28: مبيعات | E28: نشطة | F28: 2026-05-03 | G28: 2026-05 | H28: 1250.5 | I28: 185000 | J28: 96000 | K28: 2400 | L28: 210 | M28: 95 | N28: 38 | O28: 5320

Sheet الإعدادات
A1: الإعدادات والافتراضات
A2: كل الخلايا الصفراء قابلة للتعديل — كل التقرير يُعاد حسابه عليها
A4: العملة | B4: SAR | C4: افتراض — غيّرها لعملة المتجر الفعلية
A5: هامش الربح الإجمالي بعد تكلفة المنتج والشحن | B5: 0.4 | C5: افتراض شائع للمتاجر الإلكترونية — أدخل هامشك الحقيقي
A6: ROAS المستهدف | B6: 3 | C6: افتراض — هدف ربحي فوق نقطة التعادل
A7: ROAS نقطة التعادل | B7: =IFERROR(1/B5,0) -> 2.5 | C7: يساوي 1 ÷ الهامش: أقل منه = خسارة على كل عملية بيع
A8: تكلفة الاستحواذ CPA المستهدفة | B8: 60 | C8: افتراض — تقريباً متوسط السلة × الهامش × 0.5
A9: حد الإنفاق الأدنى للحكم على حملة | B9: =B8*2 -> 120 | C9: لا نحكم على حملة قبل إنفاق ضعف الـCPA المستهدف
A10: نسبة زيادة الميزانية عند التوسيع | B10: 0.2 | C10: قاعدة: لا تزد أكثر من 20% كل 48–72 ساعة حتى لا تعود مرحلة التعلّم
A13: معايير المنصات (Benchmarks) — تقديرية لمتاجر التجارة الإلكترونية في الخليج، عدّلها حسب سوقك
A14: المنصة | B14: CTR الأدنى المقبول | C14: CPM الأعلى المقبول | D14: معدل تحويل النقرة الأدنى | E14: ملاحظة
A15: Meta | B15: 0.01 | C15: 30 | D15: 0.015 | E15: CTR (رابط) 1%+ جيد لحملات التحويل
A16: TikTok | B16: 0.008 | C16: 25 | D16: 0.01 | E16: المحتوى الأصلي UGC يرفع CTR
A17: Snapchat | B17: 0.006 | C17: 15 | D17: 0.008 | E17: Swipe-up rate؛ CPM منخفض لكن نية شراء أقل
A18: Google Ads | B18: 0.04 | C18: 60 | D18: 0.03 | E18: Search/Brand أعلى CTR وتحويل؛ PMax أقل
A20: مصدر المعايير: متوسطات صناعية عامة منشورة لإعلانات التجارة الإلكترونية (تختلف حسب الفئة والموسم) — افتراضات للمقارنة فقط وليست أرقام حسابك.

Sheet بيانات_الحملات
A1: بيانات الحملات (حملة × شهر)
A2: الصق البيانات في الأعمدة A–O. الأعمدة P–Y تُحسب تلقائياً.
A3: المنصة | B3: الحساب | C3: اسم الحملة | D3: الهدف | E3: الحالة | F3: تاريخ البداية | G3: الشهر | H3: الإنفاق | I3: الظهور | J3: الوصول | K3: النقرات | L3: إضافة للسلة | M3: بدء الدفع | N3: المشتريات | O3: قيمة المشتريات | P3: CTR | Q3: CPC | R3: CPM | S3: معدل التحويل | T3: CPA | U3: ROAS | V3: متوسط السلة | W3: صافي الربح التقديري | X3: فرق CTR عن المعيار | Y3: التوصية الآلية
P4: =IF(I4>0,K4/I4,"") | Q4: =IF(K4>0,H4/K4,"") | R4: =IF(I4>0,H4/I4*1000,"") | S4: =IF(K4>0,N4/K4,"") | T4: =IF(N4>0,H4/N4,"") | U4: =IF(H4>0,O4/H4,"") | V4: =IF(N4>0,O4/N4,"") | W4: =IF(H4>0,O4*الإعدادات!$B$5-H4,"") | X4: =IF(AND(I4>0,A4<>""),P4-IFERROR(INDEX(الإعدادات!$B$15:$B$18,MATCH(A4,الإعدادات!$A$15:$A$18,0)),0),"") | Y4: =IF(H4="","",IF(H4<الإعدادات!$B$9,"بيانات غير كافية — انتظر",IF(N4=0,"إيقاف أو إعادة بناء (إنفاق بلا مبيعات)",IF(H4/N4>الإعدادات!$B$8*1.5,"خفض الميزانية + اختبار إبداعات جديدة",IF(O4/H4>=الإعدادات!$B$6*1.2,"توسيع الميزانية تدريجياً",IF(O4/H4>=الإعدادات!$B$7,IF(AND(X4<>"",X4<0),"رابحة — حدّث الإبداعات لرفع CTR","رابحة — حافظ وحسّن"),"تحت التعادل — حسّن الصفحة/العرض أو أوقف"))))))
P5: =IF(I5>0,K5/I5,"") | Q5: =IF(K5>0,H5/K5,"") | R5: =IF(I5>0,H5/I5*1000,"") | S5: =IF(K5>0,N5/K5,"") | T5: =IF(N5>0,H5/N5,"") | U5: =IF(H5>0,O5/H5,"") | V5: =IF(N5>0,O5/N5,"") | W5: =IF(H5>0,O5*الإعدادات!$B$5-H5,"") | X5: =IF(AND(I5>0,A5<>""),P5-IFERROR(INDEX(الإعدادات!$B$15:$B$18,MATCH(A5,الإعدادات!$A$15:$A$18,0)),0),"") | Y5: =IF(H5="","",IF(H5<الإعدادات!$B$9,"بيانات غير كافية — انتظر",IF(N5=0,"إيقاف أو إعادة بناء (إنفاق بلا مبيعات)",IF(H5/N5>الإعدادات!$B$8*1.5,"خفض الميزانية + اختبار إبداعات جديدة",IF(O5/H5>=الإعدادات!$B$6*1.2,"توسيع الميزانية تدريجياً",IF(O5/H5>=الإعدادات!$B$7,IF(AND(X5<>"",X5<0),"رابحة — حدّث الإبداعات لرفع CTR","رابحة — حافظ وحسّن"),"تحت التعادل — حسّن الصفحة/العرض أو أوقف"))))))
P6: =IF(I6>0,K6/I6,"") | Q6: =IF(K6>0,H6/K6,"") | R6: =IF(I6>0,H6/I6*1000,"") | S6: =IF(K6>0,N6/K6,"") | T6: =IF(N6>0,H6/N6,"") | U6: =IF(H6>0,O6/H6,"") | V6: =IF(N6>0,O6/N6,"") | W6: =IF(H6>0,O6*الإعدادات!$B$5-H6,"") | X6: =IF(AND(I6>0,A6<>""),P6-IFERROR(INDEX(الإعدادات!$B$15:$B$18,MATCH(A6,الإعدادات!$A$15:$A$18,0)),0),"") | Y6: =IF(H6="","",IF(H6<الإعدادات!$B$9,"بيانات غير كافية — انتظر",IF(N6=0,"إيقاف أو إعادة بناء (إنفاق بلا مبيعات)",IF(H6/N6>الإعدادات!$B$8*1.5,"خفض الميزانية + اختبار إبداعات جديدة",IF(O6/H6>=الإعدادات!$B$6*1.2,"توسيع الميزانية تدريجياً",IF(O6/H6>=الإعدادات!$B$7,IF(AND(X6<>"",X6<0),"رابحة — حدّث الإبداعات لرفع CTR","رابحة — حافظ وحسّن"),"تحت التعادل — حسّن الصفحة/العرض أو أوقف"))))))
P7: =IF(I7>0,K7/I7,"") | Q7: =IF(K7>0,H7/K7,"") | R7: =IF(I7>0,H7/I7*1000,"") | S7: =IF(K7>0,N7/K7,"") | T7: =IF(N7>0,H7/N7,"") | U7: =IF(H7>0,O7/H7,"") | V7: =IF(N7>0,O7/N7,"") | W7: =IF(H7>0,O7*الإعدادات!$B$5-H7,"") | X7: =IF(AND(I7>0,A7<>""),P7-IFERROR(INDEX(الإعدادات!$B$15:$B$18,MATCH(A7,الإعدادات!$A$15:$A$18,0)),0),"") | Y7: =IF(H7="","",IF(H7<الإعدادات!$B$9,"بيانات غير كافية — انتظر",IF(N7=0,"إيقاف أو إعادة بناء (إنفاق بلا مبيعات)",IF(H7/N7>الإعدادات!$B$8*1.5,"خفض الميزانية + اختبار إبداعات جديدة",IF(O7/H7>=الإعدادات!$B$6*1.2,"توسيع الميزانية تدريجياً",IF(O7/H7>=الإعدادات!$B$7,IF(AND(X7<>"",X7<0),"رابحة — حدّث الإبداعات لرفع CTR","رابحة — حافظ وحسّن"),"تحت التعادل — حسّن الصفحة/العرض أو أوقف"))))))
P8: =IF(I8>0,K8/I8,"") | Q8: =IF(K8>0,H8/K8,"") | R8: =IF(I8>0,H8/I8*1000,"") | S8: =IF(K8>0,N8/K8,"") | T8: =IF(N8>0,H8/N8,"") | U8: =IF(H8>0,O8/H8,"") | V8: =IF(N8>0,O8/N8,"") | W8: =IF(H8>0,O8*الإعدادات!$B$5-H8,"") | X8: =IF(AND(I8>0,A8<>""),P8-IFERROR(INDEX(الإعدادات!$B$15:$B$18,MATCH(A8,الإعدادات!$A$15:$A$18,0)),0),"") | Y8: =IF(H8="","",IF(H8<الإعدادات!$B$9,"بيانات غير كافية — انتظر",IF(N8=0,"إيقاف أو إعادة بناء (إنفاق بلا مبيعات)",IF(H8/N8>الإعدادات!$B$8*1.5,"خفض الميزانية + اختبار إبداعات جديدة",IF(O8/H8>=الإعدادات!$B$6*1.2,"توسيع الميزانية تدريجياً",IF(O8/H8>=الإعدادات!$B$7,IF(AND(X8<>"",X8<0),"رابحة — حدّث الإبداعات لرفع CTR","رابحة — حافظ وحسّن"),"تحت التعادل — حسّن الصفحة/العرض أو أوقف"))))))
P9: =IF(I9>0,K9/I9,"") | Q9: =IF(K9>0,H9/K9,"") | R9: =IF(I9>0,H9/I9*1000,"") | S9: =IF(K9>0,N9/K9,"") | T9: =IF(N9>0,H9/N9,"") | U9: =IF(H9>0,O9/H9,"") | V9: =IF(N9>0,O9/N9,"") | W9: =IF(H9>0,O9*الإعدادات!$B$5-H9,"") | X9: =IF(AND(I9>0,A9<>""),P9-IFERROR(INDEX(الإعدادات!$B$15:$B$18,MATCH(A9,الإعدادات!$A$15:$A$18,0)),0),"") | Y9: =IF(H9="","",IF(H9<الإعدادات!$B$9,"بيانات غير كافية — انتظر",IF(N9=0,"إيقاف أو إعادة بناء (إنفاق بلا مبيعات)",IF(H9/N9>الإعدادات!$B$8*1.5,"خفض الميزانية + اختبار إبداعات جديدة",IF(O9/H9>=الإعدادات!$B$6*1.2,"توسيع الميزانية تدريجياً",IF(O9/H9>=الإعدادات!$B$7,IF(AND(X9<>"",X9<0),"رابحة — حدّث الإبداعات لرفع CTR","رابحة — حافظ وحسّن"),"تحت التعادل — حسّن الصفحة/العرض أو أوقف"))))))
P10: =IF(I10>0,K10/I10,"") | Q10: =IF(K10>0,H10/K10,"") | R10: =IF(I10>0,H10/I10*1000,"") | S10: =IF(K10>0,N10/K10,"") | T10: =IF(N10>0,H10/N10,"") | U10: =IF(H10>0,O10/H10,"") | V10: =IF(N10>0,O10/N10,"") | W10: =IF(H10>0,O10*الإعدادات!$B$5-H10,"") | X10: =IF(AND(I10>0,A10<>""),P10-IFERROR(INDEX(الإعدادات!$B$15:$B$18,MATCH(A10,الإعدادات!$A$15:$A$18,0)),0),"") | Y10: =IF(H10="","",IF(H10<الإعدادات!$B$9,"بيانات غير كافية — انتظر",IF(N10=0,"إيقاف أو إعادة بناء (إنفاق بلا مبيعات)",IF(H10/N10>الإعدادات!$B$8*1.5,"خفض الميزانية + اختبار إبداعات جديدة",IF(O10/H10>=الإعدادات!$B$6*1.2,"توسيع الميزانية تدريجياً",IF(O10/H10>=الإعدادات!$B$7,IF(AND(X10<>"",X10<0),"رابحة — حدّث الإبداعات لرفع CTR","رابحة — حافظ وحسّن"),"تحت التعادل — حسّن الصفحة/العرض أو أوقف"))))))
P11: =IF(I11>0,K11/I11,"") | Q11: =IF(K11>0,H11/K11,"") | R11: =IF(I11>0,H11/I11*1000,"") | S11: =IF(K11>0,N11/K11,"") | T11: =IF(N11>0,H11/N11,"") | U11: =IF(H11>0,O11/H11,"") | V11: =IF(N11>0,O11/N11,"") | W11: =IF(H11>0,O11*الإعدادات!$B$5-H11,"") | X11: =IF(AND(I11>0,A11<>""),P11-IFERROR(INDEX(الإعدادات!$B$15:$B$18,MATCH(A11,الإعدادات!$A$15:$A$18,0)),0),"") | Y11: =IF(H11="","",IF(H11<الإعدادات!$B$9,"بيانات غير كافية — انتظر",IF(N11=0,"إيقاف أو إعادة بناء (إنفاق بلا مبيعات)",IF(H11/N11>الإعدادات!$B$8*1.5,"خفض الميزانية + اختبار إبداعات جديدة",IF(O11/H11>=الإعدادات!$B$6*1.2,"توسيع الميزانية تدريجياً",IF(O11/H11>=الإعدادات!$B$7,IF(AND(X11<>"",X11<0),"رابحة — حدّث الإبداعات لرفع CTR","رابحة — حافظ وحسّن"),"تحت التعادل — حسّن الصفحة/العرض أو أوقف"))))))
P12: =IF(I12>0,K12/I12,"") | Q12: =IF(K12>0,H12/K12,"") | R12: =IF(I12>0,H12/I12*1000,"") | S12: =IF(K12>0,N12/K12,"") | T12: =IF(N12>0,H12/N12,"") | U12: =IF(H12>0,O12/H12,"") | V12: =IF(N12>0,O12/N12,"") | W12: =IF(H12>0,O12*الإعدادات!$B$5-H12,"") | X12: =IF(AND(I12>0,A12<>""),P12-IFERROR(INDEX(الإعدادات!$B$15:$B$18,MATCH(A12,الإعدادات!$A$15:$A$18,0)),0),"") | Y12: =IF(H12="","",IF(H12<الإعدادات!$B$9,"بيانات غير كافية — انتظر",IF(N12=0,"إيقاف أو إعادة بناء (إنفاق بلا مبيعات)",IF(H12/N12>الإعدادات!$B$8*1.5,"خفض الميزانية + اختبار إبداعات جديدة",IF(O12/H12>=الإعدادات!$B$6*1.2,"توسيع الميزانية تدريجياً",IF(O12/H12>=الإعدادات!$B$7,IF(AND(X12<>"",X12<0),"رابحة — حدّث الإبداعات لرفع CTR","رابحة — حافظ وحسّن"),"تحت التعادل — حسّن الصفحة/العرض أو أوقف"))))))
P13: =IF(I13>0,K13/I13,"") | Q13: =IF(K13>0,H13/K13,"") | R13: =IF(I13>0,H13/I13*1000,"") | S13: =IF(K13>0,N13/K13,"") | T13: =IF(N13>0,H13/N13,"") | U13: =IF(H13>0,O13/H13,"") | V13: =IF(N13>0,O13/N13,"") | W13: =IF(H13>0,O13*الإعدادات!$B$5-H13,"") | X13: =IF(AND(I13>0,A13<>""),P13-IFERROR(INDEX(الإعدادات!$B$15:$B$18,MATCH(A13,الإعدادات!$A$15:$A$18,0)),0),"") | Y13: =IF(H13="","",IF(H13<الإعدادات!$B$9,"بيانات غير كافية — انتظر",IF(N13=0,"إيقاف أو إعادة بناء (إنفاق بلا مبيعات)",IF(H13/N13>الإعدادات!$B$8*1.5,"خفض الميزانية + اختبار إبداعات جديدة",IF(O13/H13>=الإعدادات!$B$6*1.2,"توسيع الميزانية تدريجياً",IF(O13/H13>=الإعدادات!$B$7,IF(AND(X13<>"",X13<0),"رابحة — حدّث الإبداعات لرفع CTR","رابحة — حافظ وحسّن"),"تحت التعادل — حسّن الصفحة/العرض أو أوقف"))))))
P14: =IF(I14>0,K14/I14,"") | Q14: =IF(K14>0,H14/K14,"") | R14: =IF(I14>0,H14/I14*1000,"") | S14: =IF(K14>0,N14/K14,"") | T14: =IF(N14>0,H14/N14,"") | U14: =IF(H14>0,O14/H14,"") | V14: =IF(N14>0,O14/N14,"") | W14: =IF(H14>0,O14*الإعدادات!$B$5-H14,"") | X14: =IF(AND(I14>0,A14<>""),P14-IFERROR(INDEX(الإعدادات!$B$15:$B$18,MATCH(A14,الإعدادات!$A$15:$A$18,0)),0),"") | Y14: =IF(H14="","",IF(H14<الإعدادات!$B$9,"بيانات غير كافية — انتظر",IF(N14=0,"إيقاف أو إعادة بناء (إنفاق بلا مبيعات)",IF(H14/N14>الإعدادات!$B$8*1.5,"خفض الميزانية + اختبار إبداعات جديدة",IF(O14/H14>=الإعدادات!$B$6*1.2,"توسيع الميزانية تدريجياً",IF(O14/H14>=الإعدادات!$B$7,IF(AND(X14<>"",X14<0),"رابحة — حدّث الإبداعات لرفع CTR","رابحة — حافظ وحسّن"),"تحت التعادل — حسّن الصفحة/العرض أو أوقف"))))))
P15: =IF(I15>0,K15/I15,"") | Q15: =IF(K15>0,H15/K15,"") | R15: =IF(I15>0,H15/I15*1000,"") | S15: =IF(K15>0,N15/K15,"") | T15: =IF(N15>0,H15/N15,"") | U15: =IF(H15>0,O15/H15,"") | V15: =IF(N15>0,O15/N15,"") | W15: =IF(H15>0,O15*الإعدادات!$B$5-H15,"") | X15: =IF(AND(I15>0,A15<>""),P15-IFERROR(INDEX(الإعدادات!$B$15:$B$18,MATCH(A15,الإعدادات!$A$15:$A$18,0)),0),"") | Y15: =IF(H15="","",IF(H15<الإعدادات!$B$9,"بيانات غير كافية — انتظر",IF(N15=0,"إيقاف أو إعادة بناء (إنفاق بلا مبيعات)",IF(H15/N15>الإعدادات!$B$8*1.5,"خفض الميزانية + اختبار إبداعات جديدة",IF(O15/H15>=الإعدادات!$B$6*1.2,"توسيع الميزانية تدريجياً",IF(O15/H15>=الإعدادات!$B$7,IF(AND(X15<>"",X15<0),"رابحة — حدّث الإبداعات لرفع CTR","رابحة — حافظ وحسّن"),"تحت التعادل — حسّن الصفحة/العرض أو أوقف"))))))
... P303: =IF(I303>0,K303/I303,"") | Q303: =IF(K303>0,H303/K303,"") | R303: =IF(I303>0,H303/I303*1000,"") | S303: =IF(K303>0,N303/K303,"") | T303: =IF(N303>0,H303/N303,"") | U303: =IF(H303>0,O303/H303,"") | V303: =IF(N303>0,O303/N303,"") | W303: =IF(H303>0,O303*الإعدادات!$B$5-H303,"") | X303: =IF(AND(I303>0,A303<>""),P303-IFERROR(INDEX(الإعدادات!$B$15:$B$18,MATCH(A303,الإعدادات!$A$15:$A$18,0)),0),"") | Y303: =IF(H303="","",IF(H303<الإعدادات!$B$9,"بيانات غير كافية — انتظر",IF(N303=0,"إيقاف أو إعادة بناء (إنفاق بلا مبيعات)",IF(H303/N303>الإعدادات!$B$8*1.5,"خفض الميزانية + اختبار إبداعات جديدة",IF(O303/H303>=الإعدادات!$B$6*1.2,"توسيع الميزانية تدريجياً",IF(O303/H303>=الإعدادات!$B$7,IF(AND(X303<>"",X303<0),"رابحة — حدّث الإبداعات لرفع CTR","رابحة — حافظ وحسّن"),"تحت التعادل — حسّن الصفحة/العرض أو أوقف"))))))

Sheet شوبيفاي
A1: بيانات Shopify الشهرية
A2: من Shopify Analytics — المصدر الحقيقي للمبيعات (بخلاف أرقام المنصات المنسوبة)
A3: الشهر | B3: الطلبات | C3: إجمالي المبيعات | D3: الخصومات | E3: المرتجعات | F3: صافي المبيعات | G3: الجلسات | H3: معدل التحويل | I3: متوسط قيمة الطلب | J3: عملاء جدد | K3: عملاء عائدون | L3: نسبة العائدين
A4: 2026-04 | F4: =C4-D4-E4 -> 0 | H4: =IF(G4>0,B4/G4,0) -> 0 | I4: =IF(B4>0,F4/B4,0) -> 0 | L4: =IF(J4+K4>0,K4/(J4+K4),0) -> 0
A5: 2026-05 | F5: =C5-D5-E5 -> 0 | H5: =IF(G5>0,B5/G5,0) -> 0 | I5: =IF(B5>0,F5/B5,0) -> 0 | L5: =IF(J5+K5>0,K5/(J5+K5),0) -> 0
A6: 2026-06 | F6: =C6-D6-E6 -> 0 | H6: =IF(G6>0,B6/G6,0) -> 0 | I6: =IF(B6>0,F6/B6,0) -> 0 | L6: =IF(J6+K6>0,K6/(J6+K6),0) -> 0
A7: 2026-07 | F7: =C7-D7-E7 -> 0 | H7: =IF(G7>0,B7/G7,0) -> 0 | I7: =IF(B7>0,F7/B7,0) -> 0 | L7: =IF(J7+K7>0,K7/(J7+K7),0) -> 0
A8: 2026-08 | F8: =C8-D8-E8 -> 0 | H8: =IF(G8>0,B8/G8,0) -> 0 | I8: =IF(B8>0,F8/B8,0) -> 0 | L8: =IF(J8+K8>0,K8/(J8+K8),0) -> 0
A9: 2026-09 | F9: =C9-D9-E9 -> 0 | H9: =IF(G9>0,B9/G9,0) -> 0 | I9: =IF(B9>0,F9/B9,0) -> 0 | L9: =IF(J9+K9>0,K9/(J9+K9),0) -> 0
A10: 2026-10 | F10: =C10-D10-E10 -> 0 | H10: =IF(G10>0,B10/G10,0) -> 0 | I10: =IF(B10>0,F10/B10,0) -> 0 | L10: =IF(J10+K10>0,K10/(J10+K10),0) -> 0
A11: الإجمالي | B11: =SUM(B4:B10) -> 0 | C11: =SUM(C4:C10) -> 0 | D11: =SUM(D4:D10) -> 0 | E11: =SUM(E4:E10) -> 0 | F11: =SUM(F4:F10) -> 0 | G11: =SUM(G4:G10) -> 0 | H11: =IF(G11>0,B11/G11,0) -> 0 | I11: =IF(B11>0,F11/B11,0) -> 0 | J11: =SUM(J4:J10) -> 0 | K11: =SUM(K4:K10) -> 0 | L11: =IF(J11+K11>0,K11/(J11+K11),0) -> 0

Sheet ملخص_المنصات
A1: ملخص الأداء حسب المنصة — منذ الإنشاء حتى اليوم
A2: يُحسب من «بيانات_الحملات» · ROAS والمبيعات هنا كما تنسبها كل منصة لنفسها
A4: المنصة | B4: الإنفاق | C4: الظهور | D4: النقرات | E4: إضافة للسلة | F4: المشتريات | G4: قيمة المشتريات | H4: CTR | I4: CPC | J4: CPM | K4: معدل التحويل | L4: CPA | M4: ROAS | N4: متوسط السلة | O4: حصة الإنفاق | P4: حصة المبيعات | Q4: صافي الربح التقديري | R4: الحكم
A5: Meta | B5: =SUMIFS(بيانات_الحملات!$H$4:$H$303,بيانات_الحملات!$A$4:$A$303,$A5) -> 0 | C5: =SUMIFS(بيانات_الحملات!$I$4:$I$303,بيانات_الحملات!$A$4:$A$303,$A5) -> 0 | D5: =SUMIFS(بيانات_الحملات!$K$4:$K$303,بيانات_الحملات!$A$4:$A$303,$A5) -> 0 | E5: =SUMIFS(بيانات_الحملات!$L$4:$L$303,بيانات_الحملات!$A$4:$A$303,$A5) -> 0 | F5: =SUMIFS(بيانات_الحملات!$N$4:$N$303,بيانات_الحملات!$A$4:$A$303,$A5) -> 0 | G5: =SUMIFS(بيانات_الحملات!$O$4:$O$303,بيانات_الحملات!$A$4:$A$303,$A5) -> 0 | H5: =IF(C5>0,D5/C5,0) -> 0 | I5: =IF(D5>0,B5/D5,0) -> 0 | J5: =IF(C5>0,B5/C5*1000,0) -> 0 | K5: =IF(D5>0,F5/D5,0) -> 0 | L5: =IF(F5>0,B5/F5,0) -> 0 | M5: =IF(B5>0,G5/B5,0) -> 0 | N5: =IF(F5>0,G5/F5,0) -> 0 | O5: =IF($B$9>0,B5/$B$9,0) -> 0 | P5: =IF($G$9>0,G5/$G$9,0) -> 0 | Q5: =G5*الإعدادات!$B$5-B5 -> 0 | R5: =IF(B5=0,"لا بيانات",IF(M5>=الإعدادات!$B$6,"ممتاز — وسّع",IF(M5>=الإعدادات!$B$7,"رابح — حسّن","خاسر — أعد الهيكلة"))) -> لا بيانات
A6: TikTok | B6: =SUMIFS(بيانات_الحملات!$H$4:$H$303,بيانات_الحملات!$A$4:$A$303,$A6) -> 0 | C6: =SUMIFS(بيانات_الحملات!$I$4:$I$303,بيانات_الحملات!$A$4:$A$303,$A6) -> 0 | D6: =SUMIFS(بيانات_الحملات!$K$4:$K$303,بيانات_الحملات!$A$4:$A$303,$A6) -> 0 | E6: =SUMIFS(بيانات_الحملات!$L$4:$L$303,بيانات_الحملات!$A$4:$A$303,$A6) -> 0 | F6: =SUMIFS(بيانات_الحملات!$N$4:$N$303,بيانات_الحملات!$A$4:$A$303,$A6) -> 0 | G6: =SUMIFS(بيانات_الحملات!$O$4:$O$303,بيانات_الحملات!$A$4:$A$303,$A6) -> 0 | H6: =IF(C6>0,D6/C6,0) -> 0 | I6: =IF(D6>0,B6/D6,0) -> 0 | J6: =IF(C6>0,B6/C6*1000,0) -> 0 | K6: =IF(D6>0,F6/D6,0) -> 0 | L6: =IF(F6>0,B6/F6,0) -> 0 | M6: =IF(B6>0,G6/B6,0) -> 0 | N6: =IF(F6>0,G6/F6,0) -> 0 | O6: =IF($B$9>0,B6/$B$9,0) -> 0 | P6: =IF($G$9>0,G6/$G$9,0) -> 0 | Q6: =G6*الإعدادات!$B$5-B6 -> 0 | R6: =IF(B6=0,"لا بيانات",IF(M6>=الإعدادات!$B$6,"ممتاز — وسّع",IF(M6>=الإعدادات!$B$7,"رابح — حسّن","خاسر — أعد الهيكلة"))) -> لا بيانات
A7: Snapchat | B7: =SUMIFS(بيانات_الحملات!$H$4:$H$303,بيانات_الحملات!$A$4:$A$303,$A7) -> 0 | C7: =SUMIFS(بيانات_الحملات!$I$4:$I$303,بيانات_الحملات!$A$4:$A$303,$A7) -> 0 | D7: =SUMIFS(بيانات_الحملات!$K$4:$K$303,بيانات_الحملات!$A$4:$A$303,$A7) -> 0 | E7: =SUMIFS(بيانات_الحملات!$L$4:$L$303,بيانات_الحملات!$A$4:$A$303,$A7) -> 0 | F7: =SUMIFS(بيانات_الحملات!$N$4:$N$303,بيانات_الحملات!$A$4:$A$303,$A7) -> 0 | G7: =SUMIFS(بيانات_الحملات!$O$4:$O$303,بيانات_الحملات!$A$4:$A$303,$A7) -> 0 | H7: =IF(C7>0,D7/C7,0) -> 0 | I7: =IF(D7>0,B7/D7,0) -> 0 | J7: =IF(C7>0,B7/C7*1000,0) -> 0 | K7: =IF(D7>0,F7/D7,0) -> 0 | L7: =IF(F7>0,B7/F7,0) -> 0 | M7: =IF(B7>0,G7/B7,0) -> 0 | N7: =IF(F7>0,G7/F7,0) -> 0 | O7: =IF($B$9>0,B7/$B$9,0) -> 0 | P7: =IF($G$9>0,G7/$G$9,0) -> 0 | Q7: =G7*الإعدادات!$B$5-B7 -> 0 | R7: =IF(B7=0,"لا بيانات",IF(M7>=الإعدادات!$B$6,"ممتاز — وسّع",IF(M7>=الإعدادات!$B$7,"رابح — حسّن","خاسر — أعد الهيكلة"))) -> لا بيانات
A8: Google Ads | B8: =SUMIFS(بيانات_الحملات!$H$4:$H$303,بيانات_الحملات!$A$4:$A$303,$A8) -> 0 | C8: =SUMIFS(بيانات_الحملات!$I$4:$I$303,بيانات_الحملات!$A$4:$A$303,$A8) -> 0 | D8: =SUMIFS(بيانات_الحملات!$K$4:$K$303,بيانات_الحملات!$A$4:$A$303,$A8) -> 0 | E8: =SUMIFS(بيانات_الحملات!$L$4:$L$303,بيانات_الحملات!$A$4:$A$303,$A8) -> 0 | F8: =SUMIFS(بيانات_الحملات!$N$4:$N$303,بيانات_الحملات!$A$4:$A$303,$A8) -> 0 | G8: =SUMIFS(بيانات_الحملات!$O$4:$O$303,بيانات_الحملات!$A$4:$A$303,$A8) -> 0 | H8: =IF(C8>0,D8/C8,0) -> 0 | I8: =IF(D8>0,B8/D8,0) -> 0 | J8: =IF(C8>0,B8/C8*1000,0) -> 0 | K8: =IF(D8>0,F8/D8,0) -> 0 | L8: =IF(F8>0,B8/F8,0) -> 0 | M8: =IF(B8>0,G8/B8,0) -> 0 | N8: =IF(F8>0,G8/F8,0) -> 0 | O8: =IF($B$9>0,B8/$B$9,0) -> 0 | P8: =IF($G$9>0,G8/$G$9,0) -> 0 | Q8: =G8*الإعدادات!$B$5-B8 -> 0 | R8: =IF(B8=0,"لا بيانات",IF(M8>=الإعدادات!$B$6,"ممتاز — وسّع",IF(M8>=الإعدادات!$B$7,"رابح — حسّن","خاسر — أعد الهيكلة"))) -> لا بيانات
A9: الإجمالي | B9: =SUM(B5:B8) -> 0 | C9: =SUM(C5:C8) -> 0 | D9: =SUM(D5:D8) -> 0 | E9: =SUM(E5:E8) -> 0 | F9: =SUM(F5:F8) -> 0 | G9: =SUM(G5:G8) -> 0 | H9: =IF(C9>0,D9/C9,0) -> 0 | I9: =IF(D9>0,B9/D9,0) -> 0 | J9: =IF(C9>0,B9/C9*1000,0) -> 0 | K9: =IF(D9>0,F9/D9,0) -> 0 | L9: =IF(F9>0,B9/F9,0) -> 0 | M9: =IF(B9>0,G9/B9,0) -> 0 | N9: =IF(F9>0,G9/F9,0) -> 0 | O9: =IF($B$9>0,B9/$B$9,0) -> 0 | P9: =IF($G$9>0,G9/$G$9,0) -> 0 | Q9: =G9*الإعدادات!$B$5-B9 -> 0 | R9: =IF(B9=0,"لا بيانات",IF(M9>=الإعدادات!$B$6,"ممتاز — وسّع",IF(M9>=الإعدادات!$B$7,"رابح — حسّن","خاسر — أعد الهيكلة"))) -> لا بيانات
A12: مقارنة بالمعايير
A13: المنصة | B13: CTR الفعلي | C13: CTR المعيار | D13: CPM الفعلي | E13: CPM المعيار | F13: التحويل الفعلي | G13: التحويل المعيار | H13: التشخيص
A14: Meta | B14: =H5 -> 0 | C14: =الإعدادات!B15 -> 0.01 | D14: =J5 -> 0 | E14: =الإعدادات!C15 -> 30 | F14: =K5 -> 0 | G14: =الإعدادات!D15 -> 0.015 | H14: =IF(B5=0,"لا بيانات",IF(B14<C14,"ضعف الإبداع/الاستهداف (CTR منخفض) ","")&IF(D14>E14,"تكلفة ظهور مرتفعة (CPM) ","")&IF(F14<G14,"مشكلة بعد النقرة: صفحة المنتج/السعر/الثقة","")&IF(AND(B14>=C14,D14<=E14,F14>=G14),"ضمن المعايير ✓","")) -> لا بيانات
A15: TikTok | B15: =H6 -> 0 | C15: =الإعدادات!B16 -> 0.008 | D15: =J6 -> 0 | E15: =الإعدادات!C16 -> 25 | F15: =K6 -> 0 | G15: =الإعدادات!D16 -> 0.01 | H15: =IF(B6=0,"لا بيانات",IF(B15<C15,"ضعف الإبداع/الاستهداف (CTR منخفض) ","")&IF(D15>E15,"تكلفة ظهور مرتفعة (CPM) ","")&IF(F15<G15,"مشكلة بعد النقرة: صفحة المنتج/السعر/الثقة","")&IF(AND(B15>=C15,D15<=E15,F15>=G15),"ضمن المعايير ✓","")) -> لا بيانات
A16: Snapchat | B16: =H7 -> 0 | C16: =الإعدادات!B17 -> 0.006 | D16: =J7 -> 0 | E16: =الإعدادات!C17 -> 15 | F16: =K7 -> 0 | G16: =الإعدادات!D17 -> 0.008 | H16: =IF(B7=0,"لا بيانات",IF(B16<C16,"ضعف الإبداع/الاستهداف (CTR منخفض) ","")&IF(D16>E16,"تكلفة ظهور مرتفعة (CPM) ","")&IF(F16<G16,"مشكلة بعد النقرة: صفحة المنتج/السعر/الثقة","")&IF(AND(B16>=C16,D16<=E16,F16>=G16),"ضمن المعايير ✓","")) -> لا بيانات
A17: Google Ads | B17: =H8 -> 0 | C17: =الإعدادات!B18 -> 0.04 | D17: =J8 -> 0 | E17: =الإعدادات!C18 -> 60 | F17: =K8 -> 0 | G17: =الإعدادات!D18 -> 0.03 | H17: =IF(B8=0,"لا بيانات",IF(B17<C17,"ضعف الإبداع/الاستهداف (CTR منخفض) ","")&IF(D17>E17,"تكلفة ظهور مرتفعة (CPM) ","")&IF(F17<G17,"مشكلة بعد النقرة: صفحة المنتج/السعر/الثقة","")&IF(AND(B17>=C17,D17<=E17,F17>=G17),"ضمن المعايير ✓","")) -> لا بيانات
A20: المطابقة مع Shopify (الحقيقة المالية)
A21: صافي مبيعات Shopify | B21: =شوبيفاي!F11 -> 0 | C21: المبيعات الفعلية في المتجر
A22: إجمالي الإنفاق الإعلاني | B22: =B9 -> 0 | C22: كل المنصات
A23: MER — العائد الكلي على التسويق | B23: =IF(B22>0,B21/B22,0) -> 0 | C23: أهم مؤشر: يجمع كل المبيعات ÷ كل الإنفاق، ولا يتأثر بازدواجية النسب
A24: المبيعات المنسوبة من المنصات مجتمعة | B24: =G9 -> 0 | C24: مجموع ما تدّعيه كل منصة
A25: نسبة الازدواج في النسب | B25: =IF(B21>0,B24/B21,0) -> 0 | C25: إذا > 1.0x فالمنصات تنسب نفس الطلب لأكثر من منصة — اعتمد MER
A26: تكلفة الطلب المدمجة (Blended CPA) | B26: =IF(شوبيفاي!B11>0,B22/شوبيفاي!B11,0) -> 0 | C26: الإنفاق الكلي ÷ كل طلبات Shopify
A27: نسبة الإنفاق من صافي المبيعات | B27: =IF(B21>0,B22/B21,0) -> 0 | C27: صحي عادة 15–30% حسب الهامش
A28: الربح التقديري بعد الإعلانات | B28: =B21*الإعدادات!B5-B22 -> 0 | C28: صافي المبيعات × الهامش − الإنفاق
A29: حكم الحساب ككل | B29: =IF(B22=0,"لا بيانات",IF(B23>=الإعدادات!B6,"نمو مربح — وسّع بثقة",IF(B23>=الإعدادات!B7,"مربح بهامش ضيق — حسّن قبل التوسع","خاسر — أوقف الخاسر وأعد الهيكلة"))) -> لا بيانات

Sheet الأداء_الشهري
A1: الاتجاه الشهري — الإنفاق والعائد
A2: أداة لاكتشاف التشبع والموسمية: هل يرتفع الإنفاق دون ارتفاع المبيعات؟
A4: الشهر | B4: إنفاق Meta | C4: إنفاق TikTok | D4: إنفاق Snapchat | E4: إنفاق Google Ads | F4: إجمالي الإنفاق | G4: المبيعات المنسوبة | H4: ROAS المنصات | I4: صافي مبيعات Shopify | J4: طلبات Shopify | K4: MER | L4: Blended CPA | M4: تغيّر الإنفاق | N4: تغيّر المبيعات
A5: 2026-04 | B5: =SUMIFS(بيانات_الحملات!$H$4:$H$303,بيانات_الحملات!$A$4:$A$303,"Meta",بيانات_الحملات!$G$4:$G$303,$A5) -> 0 | C5: =SUMIFS(بيانات_الحملات!$H$4:$H$303,بيانات_الحملات!$A$4:$A$303,"TikTok",بيانات_الحملات!$G$4:$G$303,$A5) -> 0 | D5: =SUMIFS(بيانات_الحملات!$H$4:$H$303,بيانات_الحملات!$A$4:$A$303,"Snapchat",بيانات_الحملات!$G$4:$G$303,$A5) -> 0 | E5: =SUMIFS(بيانات_الحملات!$H$4:$H$303,بيانات_الحملات!$A$4:$A$303,"Google Ads",بيانات_الحملات!$G$4:$G$303,$A5) -> 0 | F5: =SUM(B5:E5) -> 0 | G5: =SUMIFS(بيانات_الحملات!$O$4:$O$303,بيانات_الحملات!$G$4:$G$303,$A5) -> 0 | H5: =IF(F5>0,G5/F5,0) -> 0 | I5: =شوبيفاي!F4 -> 0 | J5: =شوبيفاي!B4 -> 0 | K5: =IF(F5>0,I5/F5,0) -> 0 | L5: =IF(J5>0,F5/J5,0) -> 0 | M5: =0 -> 0 | N5: =0 -> 0
A6: 2026-05 | B6: =SUMIFS(بيانات_الحملات!$H$4:$H$303,بيانات_الحملات!$A$4:$A$303,"Meta",بيانات_الحملات!$G$4:$G$303,$A6) -> 0 | C6: =SUMIFS(بيانات_الحملات!$H$4:$H$303,بيانات_الحملات!$A$4:$A$303,"TikTok",بيانات_الحملات!$G$4:$G$303,$A6) -> 0 | D6: =SUMIFS(بيانات_الحملات!$H$4:$H$303,بيانات_الحملات!$A$4:$A$303,"Snapchat",بيانات_الحملات!$G$4:$G$303,$A6) -> 0 | E6: =SUMIFS(بيانات_الحملات!$H$4:$H$303,بيانات_الحملات!$A$4:$A$303,"Google Ads",بيانات_الحملات!$G$4:$G$303,$A6) -> 0 | F6: =SUM(B6:E6) -> 0 | G6: =SUMIFS(بيانات_الحملات!$O$4:$O$303,بيانات_الحملات!$G$4:$G$303,$A6) -> 0 | H6: =IF(F6>0,G6/F6,0) -> 0 | I6: =شوبيفاي!F5 -> 0 | J6: =شوبيفاي!B5 -> 0 | K6: =IF(F6>0,I6/F6,0) -> 0 | L6: =IF(J6>0,F6/J6,0) -> 0 | M6: =IF(F5>0,F6/F5-1,0) -> 0 | N6: =IF(I5>0,I6/I5-1,0) -> 0
A7: 2026-06 | B7: =SUMIFS(بيانات_الحملات!$H$4:$H$303,بيانات_الحملات!$A$4:$A$303,"Meta",بيانات_الحملات!$G$4:$G$303,$A7) -> 0 | C7: =SUMIFS(بيانات_الحملات!$H$4:$H$303,بيانات_الحملات!$A$4:$A$303,"TikTok",بيانات_الحملات!$G$4:$G$303,$A7) -> 0 | D7: =SUMIFS(بيانات_الحملات!$H$4:$H$303,بيانات_الحملات!$A$4:$A$303,"Snapchat",بيانات_الحملات!$G$4:$G$303,$A7) -> 0 | E7: =SUMIFS(بيانات_الحملات!$H$4:$H$303,بيانات_الحملات!$A$4:$A$303,"Google Ads",بيانات_الحملات!$G$4:$G$303,$A7) -> 0 | F7: =SUM(B7:E7) -> 0 | G7: =SUMIFS(بيانات_الحملات!$O$4:$O$303,بيانات_الحملات!$G$4:$G$303,$A7) -> 0 | H7: =IF(F7>0,G7/F7,0) -> 0 | I7: =شوبيفاي!F6 -> 0 | J7: =شوبيفاي!B6 -> 0 | K7: =IF(F7>0,I7/F7,0) -> 0 | L7: =IF(J7>0,F7/J7,0) -> 0 | M7: =IF(F6>0,F7/F6-1,0) -> 0 | N7: =IF(I6>0,I7/I6-1,0) -> 0
A8: 2026-07 | B8: =SUMIFS(بيانات_الحملات!$H$4:$H$303,بيانات_الحملات!$A$4:$A$303,"Meta",بيانات_الحملات!$G$4:$G$303,$A8) -> 0 | C8: =SUMIFS(بيانات_الحملات!$H$4:$H$303,بيانات_الحملات!$A$4:$A$303,"TikTok",بيانات_الحملات!$G$4:$G$303,$A8) -> 0 | D8: =SUMIFS(بيانات_الحملات!$H$4:$H$303,بيانات_الحملات!$A$4:$A$303,"Snapchat",بيانات_الحملات!$G$4:$G$303,$A8) -> 0 | E8: =SUMIFS(بيانات_الحملات!$H$4:$H$303,بيانات_الحملات!$A$4:$A$303,"Google Ads",بيانات_الحملات!$G$4:$G$303,$A8) -> 0 | F8: =SUM(B8:E8) -> 0 | G8: =SUMIFS(بيانات_الحملات!$O$4:$O$303,بيانات_الحملات!$G$4:$G$303,$A8) -> 0 | H8: =IF(F8>0,G8/F8,0) -> 0 | I8: =شوبيفاي!F7 -> 0 | J8: =شوبيفاي!B7 -> 0 | K8: =IF(F8>0,I8/F8,0) -> 0 | L8: =IF(J8>0,F8/J8,0) -> 0 | M8: =IF(F7>0,F8/F7-1,0) -> 0 | N8: =IF(I7>0,I8/I7-1,0) -> 0
A9: 2026-08 | B9: =SUMIFS(بيانات_الحملات!$H$4:$H$303,بيانات_الحملات!$A$4:$A$303,"Meta",بيانات_الحملات!$G$4:$G$303,$A9) -> 0 | C9: =SUMIFS(بيانات_الحملات!$H$4:$H$303,بيانات_الحملات!$A$4:$A$303,"TikTok",بيانات_الحملات!$G$4:$G$303,$A9) -> 0 | D9: =SUMIFS(بيانات_الحملات!$H$4:$H$303,بيانات_الحملات!$A$4:$A$303,"Snapchat",بيانات_الحملات!$G$4:$G$303,$A9) -> 0 | E9: =SUMIFS(بيانات_الحملات!$H$4:$H$303,بيانات_الحملات!$A$4:$A$303,"Google Ads",بيانات_الحملات!$G$4:$G$303,$A9) -> 0 | F9: =SUM(B9:E9) -> 0 | G9: =SUMIFS(بيانات_الحملات!$O$4:$O$303,بيانات_الحملات!$G$4:$G$303,$A9) -> 0 | H9: =IF(F9>0,G9/F9,0) -> 0 | I9: =شوبيفاي!F8 -> 0 | J9: =شوبيفاي!B8 -> 0 | K9: =IF(F9>0,I9/F9,0) -> 0 | L9: =IF(J9>0,F9/J9,0) -> 0 | M9: =IF(F8>0,F9/F8-1,0) -> 0 | N9: =IF(I8>0,I9/I8-1,0) -> 0
A10: 2026-09 | B10: =SUMIFS(بيانات_الحملات!$H$4:$H$303,بيانات_الحملات!$A$4:$A$303,"Meta",بيانات_الحملات!$G$4:$G$303,$A10) -> 0 | C10: =SUMIFS(بيانات_الحملات!$H$4:$H$303,بيانات_الحملات!$A$4:$A$303,"TikTok",بيانات_الحملات!$G$4:$G$303,$A10) -> 0 | D10: =SUMIFS(بيانات_الحملات!$H$4:$H$303,بيانات_الحملات!$A$4:$A$303,"Snapchat",بيانات_الحملات!$G$4:$G$303,$A10) -> 0 | E10: =SUMIFS(بيانات_الحملات!$H$4:$H$303,بيانات_الحملات!$A$4:$A$303,"Google Ads",بيانات_الحملات!$G$4:$G$303,$A10) -> 0 | F10: =SUM(B10:E10) -> 0 | G10: =SUMIFS(بيانات_الحملات!$O$4:$O$303,بيانات_الحملات!$G$4:$G$303,$A10) -> 0 | H10: =IF(F10>0,G10/F10,0) -> 0 | I10: =شوبيفاي!F9 -> 0 | J10: =شوبيفاي!B9 -> 0 | K10: =IF(F10>0,I10/F10,0) -> 0 | L10: =IF(J10>0,F10/J10,0) -> 0 | M10: =IF(F9>0,F10/F9-1,0) -> 0 | N10: =IF(I9>0,I10/I9-1,0) -> 0
A11: 2026-10 | B11: =SUMIFS(بيانات_الحملات!$H$4:$H$303,بيانات_الحملات!$A$4:$A$303,"Meta",بيانات_الحملات!$G$4:$G$303,$A11) -> 0 | C11: =SUMIFS(بيانات_الحملات!$H$4:$H$303,بيانات_الحملات!$A$4:$A$303,"TikTok",بيانات_الحملات!$G$4:$G$303,$A11) -> 0 | D11: =SUMIFS(بيانات_الحملات!$H$4:$H$303,بيانات_الحملات!$A$4:$A$303,"Snapchat",بيانات_الحملات!$G$4:$G$303,$A11) -> 0 | E11: =SUMIFS(بيانات_الحملات!$H$4:$H$303,بيانات_الحملات!$A$4:$A$303,"Google Ads",بيانات_الحملات!$G$4:$G$303,$A11) -> 0 | F11: =SUM(B11:E11) -> 0 | G11: =SUMIFS(بيانات_الحملات!$O$4:$O$303,بيانات_الحملات!$G$4:$G$303,$A11) -> 0 | H11: =IF(F11>0,G11/F11,0) -> 0 | I11: =شوبيفاي!F10 -> 0 | J11: =شوبيفاي!B10 -> 0 | K11: =IF(F11>0,I11/F11,0) -> 0 | L11: =IF(J11>0,F11/J11,0) -> 0 | M11: =IF(F10>0,F11/F10-1,0) -> 0 | N11: =IF(I10>0,I11/I10-1,0) -> 0
A12: الإجمالي | B12: =SUM(B5:B11) -> 0 | C12: =SUM(C5:C11) -> 0 | D12: =SUM(D5:D11) -> 0 | E12: =SUM(E5:E11) -> 0 | F12: =SUM(F5:F11) -> 0 | G12: =SUM(G5:G11) -> 0 | H12: =IF(F12>0,G12/F12,0) -> 0 | I12: =SUM(I5:I11) -> 0 | J12: =SUM(J5:J11) -> 0 | K12: =IF(F12>0,I12/F12,0) -> 0 | L12: =IF(J12>0,F12/J12,0) -> 0
A14: قاعدة قراءة: إذا كان «تغيّر الإنفاق» أعلى بوضوح من «تغيّر المبيعات» لشهرين متتاليين → وصلت للتشبع: وسّع الجماهير/الإبداعات قبل زيادة الميزانية.

Sheet التوصيات
A1: ملاحظات وتوصيات تحسينية — واقعية (تنفيذ فوري) وذكية (نمو متقدم)
A2: رتّب حسب الأولوية · الحالة قابلة للتحديث
A4: # | B4: المنصة | C4: المجال | D4: التشخيص / الملاحظة | E4: الإجراء المقترح | F4: النوع | G4: الأولوية | H4: الأثر المتوقع | I4: مؤشر القياس | J4: المدة | K4: الحالة
A5: 1 | B5: الكل | C5: القياس والتتبّع | D5: أرقام المنصات تنسب نفس الطلب لأكثر من منصة؛ الاعتماد عليها وحدها يضخّم النتائج | E5: اعتماد MER و Blended CPA من Shopify كمؤشر قرار أساسي، ومراجعة «نسبة الازدواج» أسبوعياً | F5: واقعي | G5: عالية | H5: قرارات ميزانية صحيحة | I5: MER | J5: أسبوع | K5: لم يبدأ
A6: 2 | B6: الكل | C6: القياس والتتبّع | D6: فقدان إشارات التحويل بسبب iOS ومانعات الإعلانات | E6: تفعيل Conversions API (Meta)، Events API (TikTok)، Conversions API (Snapchat)، و Enhanced Conversions (Google) عبر تطبيقات Shopify الرسمية مع إزالة التكرار (Deduplication) | F6: واقعي | G6: عالية | H6: +10–30% أحداث مُسجلة وتحسين خوارزمي | I6: Event Match Quality ≥ 7 | J6: أسبوع | K6: لم يبدأ
A7: 3 | B7: الكل | C7: القياس والتتبّع | D7: صعوبة معرفة مصدر الطلب الفعلي | E7: توحيد UTM لكل الإعلانات (utm_source/medium/campaign/content) + سؤال «من أين عرفتنا؟» في صفحة الشكر | F7: واقعي | G7: عالية | H7: رؤية حقيقية لمصدر المبيعات | I7: % الطلبات ذات مصدر معروف | J7: 3 أيام | K7: لم يبدأ
A8: 4 | B8: الكل | C8: الميزانية | D8: الإنفاق موزّع على 5 حسابات و4 منصات قد يشتّت الخوارزميات | E8: تركيز 70% من الميزانية على المنصة/الحملات صاحبة أعلى MER، 20% على ثاني أفضل منصة، 10% للاختبار | F8: ذكي | G8: عالية | H8: رفع ROAS الإجمالي | I8: MER الشهري | J8: شهر | K8: لم يبدأ
A9: 5 | B9: الكل | C9: الميزانية | D9: زيادة الميزانية بقفزات كبيرة تعيد مرحلة التعلّم | E9: زيادة 20% كل 48–72 ساعة فقط للحملات التي تتجاوز ROAS المستهدف ×1.2 (انظر التوصية الآلية) | F9: واقعي | G9: متوسطة | H9: توسع بدون تدهور التكلفة | I9: CPA بعد التوسيع | J9: مستمر | K9: لم يبدأ
A10: 6 | B10: الكل | C10: الإبداعات | D10: إرهاق الإعلان (Ad Fatigue) هو أسرع سبب لارتفاع التكلفة | E10: جدول إنتاج ثابت: 3–5 إبداعات جديدة أسبوعياً لكل منصة (UGC، تجربة المنتج، قبل/بعد، آراء العملاء)؛ أوقف الإبداع عند تكرار > 3 أو انخفاض CTR 30% | F10: واقعي | G10: عالية | H10: تكلفة نقرة أقل | I10: CTR، Frequency | J10: أسبوعي | K10: لم يبدأ
A11: 7 | B11: الكل | C11: الإبداعات | D11: الخطّاف في أول 3 ثوانٍ يحدد نجاح الفيديو | E11: اختبار 3 خطّافات مختلفة لنفس الفيديو (سؤال، مشكلة، نتيجة) واعتماد الفائز | F11: ذكي | G11: متوسطة | H11: +20–40% معدل مشاهدة | I11: Hook rate (3s views ÷ impressions) | J11: أسبوعان | K11: لم يبدأ
A12: 8 | B12: الكل | C12: المتجر والتحويل | D12: ارتفاع إضافة للسلة مع انخفاض المشتريات = مشكلة في الدفع أو التكلفة النهائية | E12: مراجعة رسوم الشحن، إظهار الدفع عند الاستلام/تابي/تمارا/Apple Pay، تبسيط الدفع لصفحة واحدة | F12: واقعي | G12: عالية | H12: رفع معدل إتمام الشراء | I12: Checkout → Purchase % | J12: أسبوع | K12: لم يبدأ
A13: 9 | B13: الكل | C13: المتجر والتحويل | D13: سرعة الصفحة على الجوال تؤثر مباشرة على التحويل | E13: ضغط الصور، تقليل التطبيقات، هدف تحميل < 3 ثوانٍ على الجوال | F13: واقعي | G13: متوسطة | H13: +تحويل | I13: PageSpeed Mobile | J13: أسبوعان | K13: لم يبدأ
A14: 10 | B14: الكل | C14: المتجر والتحويل | D14: متوسط قيمة الطلب منخفض يرفع CPA النسبي | E14: عروض الحزم (Bundles)، شحن مجاني فوق حد معين (≈ متوسط السلة × 1.3)، منتجات مكمّلة في السلة | F14: ذكي | G14: عالية | H14: +15–25% متوسط السلة | I14: AOV | J14: أسبوعان | K14: لم يبدأ
A15: 11 | B15: الكل | C15: الاحتفاظ | D15: العملاء العائدون أرخص 5 مرات من الجدد | E15: تفعيل حملات WhatsApp/SMS/Email بعد الشراء، وسلة مهجورة (3 رسائل)، وبرنامج ولاء | F15: ذكي | G15: عالية | H15: رفع MER دون زيادة الإنفاق | I15: نسبة العائدين | J15: شهر | K15: لم يبدأ
A16: 12 | B16: Meta | C16: الهيكلة | D16: تعدد الحملات الصغيرة يمنع الخروج من مرحلة التعلم (50 تحويل/أسبوع) | E16: دمج الحملات في هيكل مبسّط: Advantage+ Shopping (ASC) للتوسيع + حملة اختبار إبداعات ABO + ريتارجتنج | F16: ذكي | G16: عالية | H16: خروج من مرحلة التعلم وCPA أقل | I16: Learning status، CPA | J16: أسبوعان | K16: لم يبدأ
... A30: 26 | B30: الكل | C30: التخطيط الموسمي | D30: المواسم (الجمعة البيضاء، رمضان، اليوم الوطني، رواتب آخر الشهر) تغيّر التكلفة | E30: تجهيز الإبداعات والعروض قبل الموسم بـ3 أسابيع، ورفع الميزانية تدريجياً قبل الموسم بأسبوع | F30: ذكي | G30: عالية | H30: استغلال ذروة الطلب | I30: مبيعات الموسم | J30: حسب التقويم | K30: لم يبدأ

Sheet خطة_30_يوم
A1: خطة تنفيذ 30 يوماً
A2: تبدأ فور إدخال البيانات
A4: الأسبوع | B4: المهام | C4: المخرج | D4: الحالة
A5: الأسبوع 1 — التأسيس | B5: إدخال البيانات في الملف · تفعيل CAPI/Events API/Enhanced Conversions · توحيد UTM · مراجعة أحداث الشراء في كل منصة | C5: تتبّع موثوق + لوحة أرقام كاملة | D5: لم يبدأ
A6: الأسبوع 2 — التنظيف | B6: إيقاف كل حملة «إنفاق بلا مبيعات» و«تحت التعادل» · دمج الحملات الصغيرة · قرار توحيد حسابَي Snapchat · استبعاد البراند من PMax | C6: توفير الهدر وإعادة توجيه الميزانية | D6: لم يبدأ
A7: الأسبوع 3 — الاختبار | B7: إطلاق 10–15 إبداعاً جديداً (UGC/خطّافات) · اختبار عرض الحزمة/الشحن المجاني · تحسين صفحة الدفع | C7: فائزون جدد + رفع AOV | D7: لم يبدأ
A8: الأسبوع 4 — التوسيع | B8: رفع ميزانية الفائزين 20% كل 72 ساعة · تفعيل حملات الريتارجتنج الديناميكية · تفعيل رسائل ما بعد الشراء والسلة المهجورة | C8: نمو مربح يقاس بـ MER | D8: لم يبدأ
A10: قواعد القرار اليومية
A11: • لا تحكم على إعلان قبل إنفاق ضعف الـCPA المستهدف (الإعدادات B9).
A12: • ROAS ≥ المستهدف × 1.2 لمدة 3 أيام → زد الميزانية 20%.
A13: • ROAS بين التعادل والمستهدف → حسّن الإبداع/العرض ولا تزد الميزانية.
A14: • ROAS < التعادل بعد الحد الأدنى للإنفاق → أوقف.
A15: • CTR أقل من المعيار → المشكلة في الإبداع. CTR جيد وتحويل ضعيف → المشكلة في الصفحة أو العرض.
A16: • Frequency > 3 أسبوعياً على جمهور بارد → جدّد الإبداعات.
